{
  "success": true,
  "message": "exito",
  "result": {
    "ticket": [
      {
        "nombrE_PROVEEDOR": "PRUEBA QA",
        "ruT_PROVEEDOR": "11111111-1",
        "celulaR_1_PROVEEDOR": "56949098167",
        "celulaR_2_PROVEEDOR": null,
        "solicitantE_TELEFONO": null,
        "solicitantE_NOMBRE": "juan jose",
        "ruT_CLIENTE": "99999999-9",
        "iD_ATENCION": 3723,
        "nrO_TRIRIGA": null,
        "iD_LOCAL": "4",
        "estadO_ATENCION": "Pendiente",
        "fecha": "2025-12-28T05:25:00",
        "criticidad": "CRITICO"
      },
      {
        "nombrE_PROVEEDOR": "PRUEBA QA",
        "ruT_PROVEEDOR": "11111111-1",
        "celulaR_1_PROVEEDOR": "",
        "celulaR_2_PROVEEDOR": null,
        "solicitantE_TELEFONO": null,
        "solicitantE_NOMBRE": "Juan Jose",
        "ruT_CLIENTE": "99999999-9",
        "iD_ATENCION": 3722,
        "nrO_TRIRIGA": "45464",
        "iD_LOCAL": "2",
        "estadO_ATENCION": "Reconocimiento vendedor",
        "fecha": "2025-12-26T10:15:00",
        "criticidad": "CRITICO"
      }
    ]
  }
}
